Student_ID,Gender,Age,Semester,Study_Hours_Per_Day,Assignment_Load,Sleep_Hours,Attendance_Percentage,Screen_Time_Hours,Caffeine_Intake,Extracurricular_Hours,Exam_Pressure,Financial_Stress,Social_Support,Stress_Level
S001,Male,18,5,6.0,4,6.3,79,8.3,1,5,2,9,2,Medium
S002,Female,18,1,8.0,2,6.1,78,6.5,1,4,10,1,9,Low
S003,Male,23,7,8.2,4,7.7,93,6.1,4,2,1,3,7,Low
S004,Female,20,3,6.1,4,5.8,86,6.1,0,0,7,2,6,Medium
S005,Female,22,5,5.5,1,3.6,94,3.6,4,0,7,2,9,Low
S006,Female,24,6,3.9,10,5.0,77,7.6,5,0,1,4,5,Medium
S007,Male,24,4,3.2,2,4.4,89,9.9,2,3,6,3,6,Low
S008,Female,19,5,4.5,2,6.6,75,4.2,4,5,4,3,8,Low
S009,Female,20,4,3.9,6,6.7,68,4.7,1,0,6,7,5,Medium
S010,Male,19,6,5.8,4,5.6,96,6.4,3,5,8,3,5,Medium
S011,Male,19,5,3.8,10,9.0,92,7.0,4,3,6,4,3,Medium
S012,Female,18,1,2.9,2,7.7,74,4.6,5,1,7,10,2,Medium
S013,Female,21,8,5.4,9,3.6,81,4.3,4,0,2,9,5,High
S014,Female,18,5,5.4,7,7.6,75,7.3,3,0,5,9,3,High
S015,Male,24,5,4.8,9,6.0,77,4.0,1,2,3,9,9,Medium
S016,Male,22,6,3.6,8,5.8,66,9.1,0,2,5,4,1,High
S017,Male,22,2,5.7,2,3.9,96,7.6,0,4,3,3,8,Low
S018,Male,20,7,4.2,4,5.5,99,8.2,5,5,4,5,7,Medium
S019,Female,21,8,7.1,2,7.9,80,5.3,1,0,6,1,10,Low
S020,Male,22,4,4.4,1,7.0,69,9.0,5,5,1,4,2,Low
S021,Male,24,6,4.0,2,6.2,97,4.8,1,2,8,4,9,Low
S022,Male,23,8,2.6,4,7.7,95,9.7,3,1,2,2,7,Low
S023,Female,21,7,4.9,8,8.0,68,7.7,5,5,2,1,7,Low
S024,Female,24,2,3.7,4,7.0,77,10.1,1,4,8,3,7,Medium
S025,Male,20,8,4.9,4,8.8,69,2.0,3,4,2,1,9,Low
S026,Male,18,4,6.6,3,6.6,91,6.4,3,3,4,7,1,Medium
S027,Male,21,1,5.2,7,3.5,81,6.6,3,2,7,9,8,High
S028,Male,19,5,5.7,4,8.7,68,6.0,4,5,9,1,6,Low
S029,Male,18,8,3.4,9,5.7,98,8.8,1,0,9,2,3,High
S030,Male,22,2,5.7,4,5.7,90,8.0,0,4,4,10,10,Medium
S031,Male,22,2,5.2,7,8.0,98,5.6,2,2,4,6,4,Medium
S032,Female,21,3,4.3,5,5.9,94,4.1,2,0,1,8,10,Low
S033,Male,18,4,5.6,9,6.9,81,7.0,1,2,2,4,6,Medium
S034,Female,19,8,4.5,9,4.4,84,6.2,4,5,9,1,9,Medium
S035,Female,23,2,4.3,3,5.3,81,6.7,0,0,9,3,5,Medium
S036,Female,22,4,5.8,6,9.0,78,7.3,5,5,5,9,8,Medium
S037,Female,24,1,5.5,2,6.4,92,3.2,2,0,1,6,3,Low
S038,Female,19,8,4.9,9,6.6,92,11.9,4,0,2,2,3,Medium
S039,Male,24,6,4.6,10,7.0,100,6.9,1,3,3,1,5,Medium
S040,Female,24,1,2.7,6,8.2,78,8.5,5,1,2,6,9,Low
S041,Female,22,3,6.6,4,5.1,75,9.8,1,3,1,3,6,Low
S042,Female,24,4,2.2,5,7.4,75,11.4,5,0,7,1,8,Low
S043,Male,19,8,3.0,6,5.7,84,7.2,1,1,1,4,7,Low
S044,Female,20,2,4.0,5,4.2,87,7.1,5,4,7,9,6,High
S045,Male,18,5,2.9,3,7.2,81,5.2,0,0,10,7,6,Medium
S046,Female,21,2,8.1,7,5.3,77,6.4,2,0,7,1,9,Medium
S047,Male,20,7,6.6,2,4.7,86,7.5,4,2,2,5,9,Low
S048,Female,23,7,7.6,6,4.1,90,7.4,5,2,9,3,4,High
S049,Female,23,7,5.5,3,7.7,84,4.5,3,4,1,5,5,Low
S050,Male,21,6,2.4,8,7.3,93,7.6,3,5,4,9,8,Medium
S051,Male,23,2,5.5,5,7.0,97,5.6,5,5,10,6,2,High
S052,Male,23,5,5.5,4,6.9,77,5.6,1,0,1,4,8,Low
S053,Male,21,7,8.7,10,7.2,77,4.6,5,5,7,8,7,High
S054,Male,19,1,6.3,2,5.0,92,8.6,1,1,9,8,1,High
S055,Male,24,2,7.3,8,5.3,73,8.9,3,5,9,9,10,High
S056,Female,24,8,5.8,10,7.7,97,10.8,3,4,8,3,8,Medium
S057,Female,20,4,4.5,5,5.4,98,5.2,3,5,4,5,8,Low
S058,Male,23,5,3.4,4,6.4,82,7.7,2,2,9,2,3,Medium
S059,Male,19,7,5.6,3,7.7,78,7.0,0,3,7,6,9,Low
S060,Female,21,1,7.9,4,6.1,91,12.4,3,4,1,10,7,Medium
S061,Female,18,6,6.3,5,5.2,89,4.9,3,4,9,10,4,High
S062,Female,19,5,6.0,7,6.2,96,8.4,0,3,6,7,3,High
S063,Female,19,1,5.9,7,6.4,66,5.3,0,5,7,3,8,Medium
S064,Male,18,5,2.0,7,5.8,85,8.7,1,3,6,6,7,Medium
S065,Female,24,7,5.4,5,4.6,70,7.3,3,0,9,1,6,Medium
S066,Male,23,2,5.8,1,5.2,66,7.3,1,1,1,10,3,Medium
S067,Male,19,8,5.1,2,4.8,78,7.7,3,5,5,6,3,Medium
S068,Male,24,3,6.1,5,8.1,71,9.1,4,0,5,10,7,Medium
S069,Female,23,4,2.2,2,5.1,80,8.0,0,5,5,10,2,Medium
S070,Male,20,7,6.0,6,7.3,69,14.0,4,5,6,1,7,Medium
S071,Female,18,7,6.1,6,8.2,94,8.9,5,1,7,3,9,Medium
S072,Female,22,8,6.3,8,6.0,92,8.5,5,4,5,6,4,High
S073,Male,20,8,3.5,4,6.1,94,6.0,4,4,7,6,1,Medium
S074,Female,24,6,5.2,3,9.0,96,3.3,1,2,5,6,5,Low
S075,Female,22,1,6.4,9,4.1,77,6.1,0,1,7,8,9,High
S076,Male,23,8,7.2,8,6.6,93,4.8,0,0,5,4,7,Medium
S077,Male,20,6,3.6,8,7.5,100,5.5,4,2,7,9,6,High
S078,Female,23,8,5.4,5,6.6,84,5.7,2,1,2,4,6,Low
S079,Male,23,3,9.3,4,7.5,78,2.9,5,3,5,10,9,Medium
S080,Female,18,4,5.4,5,5.5,79,8.7,2,1,5,1,9,Low
S081,Male,20,1,3.4,1,6.3,100,8.0,2,5,3,8,2,Low
S082,Male,22,5,6.7,8,4.7,95,6.3,3,2,3,1,5,Medium
S083,Female,18,2,4.1,7,5.5,96,10.5,0,4,1,3,3,Medium
S084,Female,18,4,5.8,2,4.6,100,8.8,3,4,10,10,4,High
S085,Female,21,8,9.2,5,8.0,92,4.0,2,4,10,1,10,Low
S086,Male,24,4,4.0,4,8.4,81,5.6,5,0,3,4,3,Low
S087,Male,19,1,5.9,7,7.7,93,5.1,5,4,8,5,1,High
S088,Male,20,5,4.9,8,3.0,69,5.0,5,1,5,10,4,High
S089,Female,18,4,4.5,3,4.6,82,10.3,1,0,1,3,5,Low
S090,Female,21,2,2.1,8,5.8,84,7.3,5,3,5,9,9,Medium
S091,Female,21,2,7.9,10,4.3,67,9.3,3,5,6,10,5,High
S092,Male,18,4,5.0,10,5.0,66,7.9,5,2,10,1,3,High
S093,Female,22,8,5.4,5,5.6,76,7.1,4,3,8,2,8,Medium
S094,Female,21,6,4.2,6,6.7,71,8.3,1,2,7,8,5,High
S095,Female,24,1,8.2,8,4.6,70,11.3,2,2,6,2,7,High
S096,Male,23,8,1.1,7,6.3,68,8.2,1,4,6,10,8,Medium
S097,Female,24,1,5.6,4,5.6,82,6.6,4,1,5,8,8,Medium
S098,Male,18,4,4.0,3,5.6,84,8.7,4,0,9,7,2,High
S099,Male,24,2,5.7,8,5.5,72,8.8,5,1,8,5,9,High
S100,Female,21,8,5.6,8,7.7,80,8.3,3,4,3,7,4,Medium
S101,Male,24,2,3.3,5,5.7,91,8.5,2,4,5,1,5,Low
S102,Female,24,8,6.2,3,6.5,93,7.2,4,3,6,6,9,Medium
S103,Female,21,6,7.6,4,5.6,80,8.1,4,3,4,7,1,High
S104,Female,23,8,4.6,7,6.2,89,9.2,5,5,3,8,1,High
S105,Male,22,6,6.7,2,7.7,93,9.6,0,4,8,1,3,Low
S106,Female,24,3,5.0,2,7.5,95,6.4,2,2,10,7,2,High
S107,Female,24,7,5.6,6,6.3,96,7.2,4,0,10,2,4,High
S108,Female,19,2,6.2,7,5.3,71,11.2,5,5,2,8,3,High
S109,Female,18,1,3.0,6,4.7,68,9.3,2,2,6,7,3,High
S110,Male,22,7,6.6,10,7.4,76,8.3,1,1,2,10,7,Medium
S111,Male,21,3,5.0,4,5.2,94,7.2,5,2,8,5,1,High
S112,Female,20,3,3.6,2,8.0,93,6.7,2,4,5,7,5,Low
S113,Female,24,5,3.3,4,6.0,89,7.8,3,0,4,7,10,Low
S114,Female,22,5,3.9,5,5.3,66,7.5,5,3,5,1,10,Low
S115,Male,22,8,5.5,5,5.7,79,6.1,4,2,4,4,10,Low
S116,Female,23,3,5.5,2,4.3,67,4.2,2,3,1,10,6,Low
S117,Male,18,5,3.6,6,6.2,91,7.6,1,1,3,9,6,Medium
S118,Female,24,3,8.0,5,7.8,95,6.7,2,5,6,2,8,Low
S119,Male,19,4,5.0,7,5.0,100,7.0,2,0,7,1,5,Medium
S120,Male,21,6,4.4,5,7.0,89,5.3,5,2,2,4,8,Low
S121,Male,22,6,6.0,10,8.8,79,6.8,5,0,8,5,7,High
S122,Male,19,1,5.8,1,7.5,84,6.2,3,0,2,4,9,Low
S123,Male,21,8,5.4,6,6.5,99,7.2,3,4,3,7,2,Medium
S124,Female,22,7,3.5,5,6.5,67,8.0,5,2,4,8,8,Medium
S125,Male,24,6,7.9,2,7.9,88,11.3,4,5,6,1,7,Low
S126,Female,19,2,3.5,8,7.8,70,7.4,5,1,10,1,1,High
S127,Female,19,3,9.4,10,5.3,78,5.3,0,4,4,10,4,High
S128,Male,20,3,3.8,10,3.3,65,5.9,2,1,3,9,5,High
S129,Male,18,1,3.5,3,6.7,65,7.7,2,1,10,6,1,High
S130,Male,20,1,8.8,3,7.9,91,5.8,4,0,2,8,8,Low
S131,Female,22,2,3.2,8,7.2,97,4.4,1,4,1,9,5,Medium
S132,Female,23,1,8.7,1,8.3,95,6.1,3,3,2,8,8,Low
S133,Male,18,6,1.6,10,8.5,74,6.8,0,1,5,10,10,Medium
S134,Female,21,5,7.5,8,4.1,97,5.8,4,3,2,2,9,Medium
S135,Male,21,8,5.0,4,6.6,91,6.1,2,3,7,7,2,Medium
S136,Female,21,6,6.2,5,4.9,88,6.7,1,5,8,2,2,Medium
S137,Male,18,7,5.2,2,7.3,88,8.4,1,4,1,10,9,Low
S138,Female,23,2,2.8,7,4.2,87,9.6,5,3,1,5,10,Low
S139,Female,20,2,5.7,10,5.4,97,10.1,1,1,8,4,2,High
S140,Female,24,6,5.2,2,8.3,82,7.1,4,1,7,9,10,Medium
S141,Male,22,5,9.1,1,9.0,76,6.5,2,5,5,6,6,Low
S142,Male,19,3,6.9,10,7.5,90,9.7,0,1,1,2,9,Low
S143,Male,21,7,3.1,8,7.5,86,9.1,1,2,5,6,10,Medium
S144,Male,18,3,1.5,3,4.7,68,2.9,5,0,5,8,7,Medium
S145,Female,22,8,4.5,7,7.6,82,10.0,1,4,2,6,7,Low
S146,Male,20,8,5.1,9,8.9,84,4.2,0,1,7,10,1,High
S147,Male,19,5,1.6,4,6.4,73,7.8,2,2,6,2,1,Medium
S148,Female,23,7,4.9,3,3.4,73,6.8,3,4,4,9,9,Medium
S149,Female,18,7,2.4,1,7.5,92,7.7,0,3,2,6,10,Low
S150,Female,22,7,3.1,7,5.7,83,4.9,0,3,1,6,3,Medium
S151,Female,24,6,4.9,2,7.9,92,5.0,0,1,7,10,7,Medium
S152,Male,21,5,6.0,6,5.7,79,5.4,2,1,2,9,2,Medium
S153,Male,24,6,4.8,6,4.9,74,5.9,1,0,3,5,4,Medium
S154,Male,22,3,2.6,2,9.0,76,7.1,5,3,8,10,10,Low
S155,Female,23,6,3.6,6,6.8,74,6.8,3,0,8,8,5,High
S156,Female,22,1,4.6,6,7.4,97,8.5,0,2,8,8,1,High
S157,Male,20,5,3.9,2,5.6,70,6.4,4,4,9,7,8,Medium
S158,Male,21,4,1.0,6,4.2,95,9.7,4,1,1,8,2,Medium
S159,Female,23,2,8.3,9,6.1,76,8.2,0,1,8,8,9,High
S160,Male,20,6,5.6,5,9.0,89,9.2,3,2,10,1,6,Medium
S161,Male,20,2,4.7,9,5.1,89,3.8,2,2,10,3,6,High
S162,Male,22,3,5.4,6,5.4,84,4.2,5,5,7,3,10,Medium
S163,Male,20,7,3.7,6,4.9,73,10.4,5,5,9,2,7,Medium
S164,Female,18,6,6.8,5,6.5,76,10.0,1,2,8,4,4,Medium
S165,Male,19,2,5.2,5,5.2,71,10.0,4,4,9,1,6,Medium
S166,Male,22,7,6.1,3,4.9,75,6.6,1,5,10,3,8,Medium
S167,Male,21,6,3.2,4,4.4,93,8.9,4,2,8,4,9,Medium
S168,Male,20,8,8.8,4,4.4,88,8.1,5,4,8,8,5,High
S169,Female,22,7,3.7,3,5.8,77,5.8,4,1,5,1,8,Low
S170,Female,22,2,3.3,9,6.6,72,5.3,2,0,3,5,8,Medium
S171,Male,24,7,5.5,2,6.4,79,6.5,3,2,1,7,1,Medium
S172,Female,22,6,3.2,4,5.6,89,8.5,0,2,4,1,6,Low
S173,Male,24,6,6.0,3,5.0,73,7.2,0,2,8,3,8,Medium
S174,Female,22,1,6.5,2,4.0,66,8.1,2,1,3,9,10,Medium
S175,Female,18,5,3.7,4,7.4,84,5.5,0,0,4,7,10,Low
S176,Female,18,2,1.4,8,4.1,99,7.1,0,5,9,10,4,High
S177,Male,20,7,5.5,1,5.1,87,8.3,1,4,7,3,2,Medium
S178,Female,18,1,1.7,7,6.4,95,4.6,0,5,7,6,5,Medium
S179,Male,20,2,3.7,6,6.6,80,5.3,5,5,2,10,6,Medium
S180,Male,18,6,4.2,9,8.0,86,5.8,5,1,8,8,3,High
S181,Male,18,8,6.7,1,4.8,83,8.1,1,0,4,1,6,Low
S182,Female,22,7,7.9,9,3.0,95,5.4,2,0,4,5,6,High
S183,Male,24,6,6.2,5,6.2,72,7.7,2,3,7,8,7,Medium
S184,Female,19,8,3.8,8,6.6,88,6.7,4,2,2,7,2,Medium
S185,Female,22,3,7.3,9,6.9,83,7.7,2,0,2,6,5,Medium
S186,Female,21,7,4.2,3,5.8,93,6.1,2,3,1,6,10,Low
S187,Female,20,1,5.8,2,5.9,90,7.6,2,4,3,1,3,Low
S188,Female,18,3,9.2,2,7.8,80,6.3,5,2,6,7,10,Medium
S189,Male,22,3,7.4,8,5.9,88,2.9,2,3,2,10,3,High
S190,Female,21,6,3.0,5,3.7,80,6.3,0,0,3,8,9,Medium
S191,Female,22,2,5.0,5,9.0,81,7.7,5,3,4,10,5,Medium
S192,Female,19,2,4.6,3,7.7,69,2.6,3,1,8,2,6,Low
S193,Female,23,2,5.5,9,7.7,99,4.0,2,2,3,3,6,Low
S194,Male,18,4,7.3,3,7.0,80,6.2,3,0,6,9,10,Medium
S195,Female,21,3,6.3,10,9.0,70,7.4,0,2,7,8,9,Medium
S196,Female,24,7,5.5,10,5.8,69,5.3,1,2,2,8,8,Medium
S197,Female,19,3,6.7,3,5.2,92,7.1,4,0,2,9,3,Medium
S198,Female,19,3,4.0,6,7.2,79,7.7,2,4,5,2,5,Low
S199,Male,23,5,7.1,3,5.7,84,6.5,4,4,2,9,3,Medium
S200,Male,19,6,3.0,10,5.8,67,7.8,0,0,1,10,5,Medium
S201,Male,24,7,6.5,10,5.1,66,8.7,3,5,9,5,5,High
S202,Female,19,7,7.7,5,7.1,94,10.8,0,5,1,3,8,Low
S203,Female,21,8,3.5,4,4.6,86,3.4,4,1,6,6,6,Medium
S204,Female,19,6,8.0,9,7.5,100,6.9,0,2,4,8,2,High
S205,Female,21,4,5.6,3,4.8,71,11.9,0,2,7,10,7,High
S206,Male,24,3,5.3,6,6.7,85,8.5,1,1,8,9,8,High
S207,Female,20,8,6.0,1,6.8,70,5.4,3,4,8,4,4,Medium
S208,Female,18,1,5.9,5,9.0,96,9.7,4,5,8,5,9,Medium
S209,Male,24,2,8.2,7,5.7,73,5.0,2,5,6,7,6,High
S210,Male,21,1,4.7,10,6.6,100,9.2,1,2,9,5,2,High
S211,Female,22,8,1.6,9,8.8,82,6.7,4,5,10,2,3,Medium
S212,Male,21,6,4.1,6,5.0,100,3.7,2,1,4,10,9,Medium
S213,Female,22,1,6.6,1,6.6,67,4.4,1,5,6,8,9,Low
S214,Female,19,3,2.4,6,6.0,85,10.3,1,3,10,5,10,Medium
S215,Female,22,8,4.5,10,4.2,84,6.5,3,0,6,6,2,High
S216,Female,22,5,4.5,1,3.0,95,6.9,2,5,10,10,4,High
S217,Male,22,8,4.5,3,7.5,98,10.7,5,5,10,7,3,High
S218,Male,18,2,7.3,4,6.1,66,4.8,3,2,7,3,7,Medium
S219,Male,21,8,10.1,1,6.6,73,7.0,4,1,9,6,8,Medium
S220,Female,20,3,5.0,8,6.8,99,6.7,2,4,6,5,10,Medium
S221,Female,19,4,3.9,5,5.7,100,6.9,2,1,5,5,4,Medium
S222,Female,20,8,3.9,6,5.4,100,7.2,5,2,5,2,10,Low
S223,Female,21,6,4.5,3,8.8,83,2.0,0,2,2,6,8,Low
S224,Female,23,8,7.2,4,8.4,77,2.9,4,2,9,5,3,Medium
S225,Male,22,4,4.3,4,5.9,68,4.2,5,4,4,4,1,Medium
S226,Male,21,6,3.4,8,4.8,71,10.5,5,1,1,9,3,High
S227,Female,23,8,6.9,8,8.4,77,8.4,2,2,5,1,2,Medium
S228,Male,22,1,2.7,3,5.7,91,8.0,1,0,7,8,3,Medium
S229,Female,18,1,2.6,5,7.6,71,6.5,2,2,8,9,9,Medium
S230,Female,19,8,4.3,5,7.6,77,7.9,0,2,3,8,5,Medium
S231,Male,18,6,4.3,5,8.2,77,4.8,1,4,7,7,9,Low
S232,Female,18,7,6.2,2,7.4,76,6.4,1,3,6,4,1,Medium
S233,Female,21,4,5.7,8,4.6,82,8.8,2,2,10,10,1,High
S234,Female,23,6,4.6,4,5.7,68,9.1,5,0,8,5,3,High
S235,Female,23,5,3.6,2,4.4,83,3.9,2,4,4,4,3,Low
S236,Female,19,8,6.2,10,4.6,88,10.5,3,5,9,8,9,High
S237,Male,24,4,1.0,10,9.0,70,7.4,4,3,9,6,2,High
S238,Male,18,4,4.8,10,5.7,99,7.8,1,1,6,9,8,High
S239,Male,23,4,4.9,10,8.2,96,7.2,0,4,8,1,8,Medium
S240,Male,22,7,5.3,8,6.0,68,6.9,4,3,5,1,7,Medium
S241,Female,24,1,5.6,4,3.9,69,4.3,0,3,6,2,9,Low
S242,Male,18,8,6.5,1,6.8,83,6.6,3,1,3,7,6,Low
S243,Female,21,7,5.0,7,7.0,70,5.9,5,5,9,3,6,Medium
S244,Male,19,7,3.4,9,6.8,73,5.0,5,1,1,1,5,Low
S245,Female,23,7,5.8,9,3.9,89,9.1,1,1,8,6,3,High
S246,Female,19,2,5.9,1,6.9,91,9.0,4,0,4,4,2,Medium
S247,Male,22,1,8.3,8,8.0,68,3.3,1,5,1,7,8,Low
S248,Male,22,4,2.4,1,5.6,73,7.1,4,2,4,10,6,Medium
S249,Female,19,5,6.0,3,5.4,98,7.4,1,3,5,5,1,Medium
S250,Male,23,7,3.5,9,5.6,96,4.2,0,2,7,9,6,High
S251,Female,21,3,3.2,5,4.5,89,5.0,1,4,8,4,4,Medium
S252,Female,24,3,7.1,8,5.1,68,12.3,4,3,7,9,9,High
S253,Male,21,4,6.0,5,6.8,78,5.3,2,5,2,8,6,Low
S254,Male,22,4,6.4,1,5.6,82,7.2,3,5,10,10,1,High
S255,Male,19,4,10.1,8,6.4,78,9.3,2,2,1,4,4,Medium
S256,Male,23,8,3.6,4,6.4,78,10.5,3,1,9,6,5,High
S257,Female,21,6,3.7,5,9.0,81,8.4,2,4,8,8,2,Medium
S258,Female,24,6,3.9,4,7.4,88,8.9,2,3,1,10,4,Medium
S259,Male,18,5,6.2,9,4.1,91,5.5,2,1,4,6,4,High
S260,Female,22,4,4.5,8,6.4,100,8.2,5,5,6,5,8,Medium
S261,Female,21,3,5.4,6,4.5,75,7.8,1,5,9,8,3,High
S262,Male,22,1,6.2,2,7.3,68,9.2,0,3,3,4,2,Low
S263,Male,18,4,6.7,9,7.2,94,6.9,2,0,10,10,8,High
S264,Female,18,1,1.7,9,7.1,100,7.4,3,0,1,9,5,Medium
S265,Female,18,7,5.5,3,4.6,71,4.8,0,4,3,4,4,Low
S266,Female,24,6,7.1,5,6.4,90,8.4,0,2,7,8,10,Medium
S267,Male,23,4,5.1,5,6.5,70,8.9,5,5,1,2,7,Low
S268,Female,21,8,4.0,1,6.6,65,6.1,5,1,2,8,7,Low
S269,Female,22,2,4.1,9,6.0,67,7.4,1,1,10,8,5,High
S270,Male,18,5,4.0,9,8.4,67,5.2,1,2,1,4,10,Low
S271,Male,24,7,4.6,2,5.8,84,9.9,1,4,4,10,7,Medium
S272,Female,21,3,5.4,2,8.0,97,4.0,5,2,1,2,7,Low
S273,Male,24,2,5.5,6,7.8,90,7.2,2,0,5,8,8,Medium
S274,Male,20,7,7.1,7,5.7,76,9.8,5,4,7,2,10,Medium
S275,Female,24,4,9.6,2,6.0,70,6.1,2,1,7,3,7,Medium
S276,Female,20,2,7.9,2,8.9,65,6.0,2,3,6,5,2,Medium
S277,Male,18,3,4.2,7,6.1,93,4.3,4,4,9,7,2,High
S278,Male,18,6,3.2,9,5.0,70,5.5,4,4,6,7,1,High
S279,Female,21,7,4.9,2,6.9,100,10.1,1,4,9,3,7,Low
S280,Male,19,5,3.0,5,8.0,82,6.6,3,1,2,3,7,Low
S281,Female,21,5,4.9,8,7.5,69,4.8,2,2,4,8,10,Medium
S282,Male,21,2,5.8,3,6.7,84,8.0,0,3,6,10,7,Medium
S283,Female,21,6,5.6,7,9.0,73,5.7,2,2,10,4,8,Medium
S284,Female,19,7,3.9,6,5.6,83,5.9,5,5,8,10,4,High
S285,Female,21,5,3.7,7,8.3,88,9.8,0,4,4,10,9,Medium
S286,Male,23,1,3.9,8,5.3,78,7.9,3,2,2,7,8,Medium
S287,Male,23,5,3.9,4,7.4,81,7.4,5,1,7,7,2,High
S288,Female,22,8,2.0,10,8.8,90,10.6,4,4,7,9,1,High
S289,Female,23,2,3.8,2,5.9,80,7.6,5,5,6,3,10,Low
S290,Male,22,7,5.7,6,7.5,92,11.0,0,0,2,5,4,Medium
S291,Male,21,6,4.6,7,5.3,94,4.2,5,4,9,3,6,Medium
S292,Male,21,2,3.5,5,6.5,91,10.6,0,0,3,6,5,Medium
S293,Female,21,4,4.0,9,6.8,95,7.0,2,3,2,8,8,Medium
S294,Female,18,5,7.4,1,9.0,72,5.9,0,2,2,3,4,Low
S295,Male,22,3,4.0,6,8.1,100,8.4,3,3,4,7,3,Medium
S296,Male,23,7,8.7,7,7.4,66,6.3,5,4,4,8,10,Medium
S297,Female,21,1,6.2,4,8.2,78,8.6,2,5,2,10,2,Medium
S298,Male,20,6,6.0,4,8.1,94,9.3,0,2,8,9,6,Medium
S299,Female,22,7,7.8,10,7.5,72,6.7,2,2,8,10,3,High
S300,Female,22,2,5.3,3,8.3,85,5.4,0,1,5,2,3,Low
S301,Female,23,3,5.7,9,5.9,89,7.1,3,4,3,10,7,High
S302,Female,19,8,7.6,9,6.8,76,7.1,4,1,8,5,3,High
S303,Male,20,8,2.3,10,7.6,68,8.3,2,0,8,3,4,High
S304,Female,22,8,9.3,7,6.0,96,7.4,3,5,8,8,3,High
S305,Male,22,1,5.5,4,8.9,83,6.8,0,2,4,9,5,Medium
S306,Male,24,8,5.6,10,7.4,96,7.4,4,4,2,10,2,High
S307,Female,24,6,4.1,9,6.8,67,9.1,5,3,9,4,7,High
S308,Male,23,4,2.9,5,6.7,67,5.6,3,2,6,2,8,Low
S309,Male,24,4,7.4,4,4.2,87,5.9,5,4,7,3,10,Medium
S310,Male,24,4,5.8,4,8.8,68,6.9,4,2,9,5,10,Medium
S311,Male,20,5,3.9,5,9.0,82,4.1,4,5,2,3,7,Low
S312,Male,20,3,1.0,3,7.2,80,6.0,1,5,6,4,7,Low
S313,Female,19,5,3.0,7,7.6,89,7.5,3,0,2,7,9,Low
S314,Female,23,6,3.9,8,4.6,96,8.7,2,4,1,2,8,Low
S315,Female,24,2,6.3,9,6.4,90,10.7,1,3,4,8,5,High
S316,Female,24,5,2.9,6,4.2,100,5.6,4,1,10,8,6,High
S317,Male,18,2,4.9,8,6.9,66,6.5,0,1,8,8,1,High
S318,Female,19,3,5.7,5,4.6,75,9.9,2,0,6,5,2,High
S319,Female,23,3,4.8,1,8.2,90,7.7,5,2,4,7,2,Medium
S320,Male,18,4,5.9,8,7.4,69,7.9,1,4,4,9,8,Medium
S321,Male,18,6,6.3,2,8.5,92,7.4,5,1,8,2,4,Medium
S322,Female,18,2,6.4,2,6.4,85,9.9,2,2,3,7,3,Medium
S323,Male,18,1,3.6,10,9.0,75,6.9,3,2,4,3,7,Low
S324,Female,24,4,2.1,2,6.7,71,5.6,1,0,10,7,6,Medium
S325,Female,20,3,6.7,4,5.5,82,6.1,5,0,4,9,10,Medium
S326,Female,24,1,1.2,5,5.8,78,2.2,4,4,9,4,7,Medium
S327,Female,23,1,1.8,4,7.6,96,8.6,3,0,4,8,10,Low
S328,Male,22,1,5.9,6,5.0,85,6.9,1,3,10,7,6,High
S329,Male,24,8,5.0,2,4.8,66,10.0,4,0,1,5,4,Medium
S330,Male,18,7,6.8,9,6.2,83,7.1,5,5,9,7,7,High
S331,Female,18,3,5.4,5,3.4,70,6.5,2,0,9,4,3,High
S332,Female,21,2,3.6,5,5.0,92,6.4,5,1,1,4,2,Medium
S333,Female,18,8,8.6,10,7.5,68,5.9,2,5,3,2,1,Medium
S334,Male,23,1,6.1,3,8.6,96,8.8,2,4,9,5,3,Medium
S335,Female,19,5,5.1,2,5.5,66,8.4,2,3,5,9,2,Medium
S336,Female,23,2,5.8,8,7.8,94,8.3,4,2,1,8,10,Low
S337,Male,20,3,7.1,5,5.7,71,9.6,4,5,2,4,9,Low
S338,Male,18,1,5.4,4,9.0,67,5.6,3,2,7,3,3,Medium
S339,Male,22,7,8.5,4,6.8,85,5.7,1,3,6,5,2,Medium
S340,Female,18,1,4.0,3,6.0,79,7.8,4,0,7,2,8,Low
S341,Female,24,5,6.0,6,5.6,70,7.0,4,3,1,6,4,Medium
S342,Female,22,5,9.3,10,9.0,80,7.9,3,2,10,8,4,High
S343,Male,19,1,5.1,7,6.7,66,8.2,1,4,6,1,6,Medium
S344,Male,24,7,3.0,5,6.1,71,3.7,1,4,4,7,8,Low
S345,Male,19,5,5.8,2,7.5,67,6.0,1,4,7,6,8,Low
S346,Male,22,2,8.1,9,4.7,73,4.1,5,3,2,10,10,Medium
S347,Male,21,3,5.4,4,8.1,83,10.4,2,2,7,6,6,Medium
S348,Female,20,4,4.1,2,8.1,77,6.9,1,4,2,3,2,Low
S349,Male,21,8,4.7,6,7.8,91,8.3,0,4,6,4,8,Low
S350,Female,21,5,1.8,2,8.7,70,9.8,1,5,5,10,1,Medium
S351,Male,24,6,3.7,3,7.1,70,8.0,5,1,6,7,9,Medium
S352,Male,23,5,5.5,5,5.7,76,5.7,0,3,8,9,9,Medium
S353,Male,18,8,4.9,2,8.3,73,8.1,0,0,1,4,3,Low
S354,Male,24,7,4.3,6,7.7,70,2.0,4,4,5,2,1,Medium
S355,Male,19,8,7.3,3,3.9,70,6.3,2,0,1,8,1,Medium
S356,Male,22,7,2.8,7,4.6,96,9.3,0,3,7,3,6,Medium
S357,Male,19,5,4.1,5,7.0,93,6.9,1,0,10,10,10,Medium
S358,Male,23,5,6.0,8,6.6,91,4.4,4,3,1,2,5,Low
S359,Female,19,7,7.0,4,5.8,98,3.9,1,5,9,1,7,Medium
S360,Female,21,8,4.1,6,8.8,97,8.7,2,3,5,3,1,Medium
S361,Female,22,4,4.3,1,6.0,82,6.4,0,3,9,6,10,Low
S362,Male,19,2,9.2,4,7.1,80,7.9,2,4,1,4,10,Low
S363,Female,20,3,7.1,3,6.9,80,6.5,4,2,6,10,1,High
S364,Female,22,3,4.6,10,6.4,77,6.9,3,4,5,3,8,Medium
S365,Male,18,1,6.5,4,6.6,79,8.5,0,4,8,1,6,Medium
S366,Male,24,3,4.8,6,6.6,76,3.0,2,0,1,3,10,Low
S367,Male,24,2,6.8,9,7.0,88,9.0,0,2,7,10,2,High
S368,Female,20,6,1.0,3,9.0,75,6.7,5,3,8,6,3,Medium
S369,Female,19,3,7.2,7,4.9,84,8.2,5,5,5,3,3,High
S370,Male,23,7,2.9,10,5.6,67,10.8,1,4,6,10,4,High
S371,Male,21,3,4.6,6,6.8,69,8.7,1,2,6,3,2,Medium
S372,Female,21,1,6.0,5,6.7,78,7.7,1,5,2,6,5,Low
S373,Male,23,1,9.8,1,6.4,89,7.4,3,5,7,3,7,Low
S374,Female,21,6,7.1,9,8.2,89,9.4,0,3,10,4,3,High
S375,Female,18,1,6.3,5,4.8,66,10.3,2,2,2,2,6,Low
S376,Male,21,3,2.7,2,7.0,100,5.5,0,2,10,10,8,Medium
S377,Male,21,3,4.9,10,7.0,92,7.6,1,0,2,6,4,Medium
S378,Male,21,5,5.8,5,8.9,84,7.9,1,0,1,7,10,Low
S379,Female,19,1,4.5,6,7.9,65,9.4,3,0,5,10,8,Medium
S380,Male,18,1,2.5,4,7.4,75,8.4,5,2,2,8,2,Medium
S381,Female,24,7,4.4,8,8.6,96,6.7,5,2,2,9,7,Medium
S382,Male,20,7,5.3,6,6.2,76,7.0,3,0,5,8,8,Medium
S383,Female,19,5,2.8,10,4.3,68,10.2,1,5,2,2,6,Medium
S384,Female,24,4,3.3,9,5.0,68,2.7,3,4,7,9,8,High
S385,Male,21,5,3.7,2,4.5,90,10.3,5,0,9,10,9,High
S386,Male,18,8,7.0,3,5.5,75,11.5,1,1,3,1,7,Low
S387,Male,23,7,7.0,4,6.0,74,2.0,4,2,6,2,2,Medium
S388,Female,22,7,9.6,9,4.4,85,3.7,2,4,8,1,10,Medium
S389,Female,18,7,7.0,3,9.0,74,9.8,4,4,10,2,2,Medium
S390,Male,24,5,6.1,9,7.4,87,8.7,3,2,7,8,10,High
S391,Female,18,3,6.5,5,6.9,90,7.2,1,4,10,7,1,High
S392,Female,20,4,4.9,1,5.4,95,6.4,2,2,1,6,5,Low
S393,Female,20,8,1.6,2,6.4,79,5.0,1,2,8,6,5,Medium
S394,Female,22,2,2.8,4,6.8,93,9.8,1,3,8,9,6,Medium
S395,Male,22,3,6.8,2,4.1,84,5.0,5,4,7,3,9,Medium
S396,Male,19,4,6.9,4,5.0,68,6.6,1,0,8,1,6,Medium
S397,Male,20,6,6.1,8,5.0,97,7.2,3,5,2,1,4,Medium
S398,Female,21,8,2.3,3,5.6,95,7.6,4,4,6,6,3,Medium
S399,Female,23,2,1.8,5,7.2,66,7.0,3,0,3,10,4,Medium
S400,Male,23,4,6.1,4,6.8,82,9.7,5,3,9,1,1,High
S401,Female,19,3,5.3,10,5.9,65,7.2,1,2,10,5,5,High
S402,Female,21,6,6.1,8,6.6,81,7.1,1,3,5,9,10,Medium
S403,Female,22,2,3.6,1,5.5,97,4.2,5,2,9,10,10,Medium
S404,Female,20,2,8.5,8,4.6,69,5.6,2,2,6,5,5,High
S405,Female,19,3,3.6,9,7.8,80,6.4,0,4,7,6,3,Medium
S406,Male,23,8,7.5,5,5.5,81,7.6,3,3,7,1,10,Low
S407,Male,20,4,3.3,9,9.0,95,4.6,5,2,9,5,3,High
S408,Male,20,2,5.6,8,7.5,73,7.8,5,2,9,3,6,High
S409,Male,19,6,4.6,4,6.3,84,7.1,3,2,6,5,10,Low
S410,Female,21,2,4.7,8,7.9,68,11.4,5,4,10,10,2,High
S411,Female,19,2,3.9,7,4.4,98,6.8,2,3,1,3,3,Medium
S412,Male,20,7,10.2,10,5.3,94,10.3,1,2,3,2,8,Medium
S413,Female,23,3,8.4,6,5.7,68,8.1,0,3,5,4,3,Medium
S414,Male,21,2,8.3,3,5.9,92,6.6,5,3,7,7,8,Medium
S415,Female,18,1,3.8,9,5.0,77,5.7,5,2,1,6,9,Medium
S416,Male,18,1,2.6,4,6.6,79,5.5,5,2,5,3,2,Medium
S417,Female,22,5,5.5,3,4.2,69,7.7,0,2,5,8,9,Medium
S418,Female,21,3,6.7,6,3.5,96,7.7,2,1,3,7,1,High
S419,Male,19,3,7.5,4,4.7,66,10.3,4,4,3,2,6,Medium
S420,Male,21,5,5.8,9,5.4,68,6.9,4,0,2,1,1,Medium
S421,Male,21,8,6.1,7,6.6,72,8.1,4,2,8,3,4,High
S422,Male,20,7,3.2,2,6.8,98,4.2,2,4,10,3,7,Low
S423,Male,22,2,4.8,5,5.1,72,5.5,0,3,4,10,4,Medium
S424,Female,24,4,7.5,6,8.1,91,8.2,2,1,1,9,8,Medium
S425,Male,23,8,2.8,6,6.0,80,9.4,0,0,2,2,10,Low
S426,Female,19,2,5.3,9,9.0,69,7.8,5,5,2,5,4,Medium
S427,Female,20,5,5.4,8,6.0,68,7.3,0,1,1,5,6,Medium
S428,Female,21,2,4.7,2,7.6,67,8.9,0,1,3,6,6,Low
S429,Female,22,5,3.4,2,4.5,88,3.3,2,1,2,7,7,Low
S430,Female,20,7,6.0,8,4.8,91,2.7,5,1,2,3,1,Medium
S431,Male,18,7,5.8,10,9.0,95,7.0,4,5,8,3,10,Medium
S432,Female,24,6,6.7,10,6.6,66,6.8,5,5,3,8,8,Medium
S433,Male,21,8,6.8,1,6.1,69,7.5,2,5,6,1,9,Low
S434,Male,23,6,5.6,9,5.5,98,9.0,5,5,10,2,7,High
S435,Male,21,6,4.7,7,5.4,74,8.1,4,4,1,1,3,Low
S436,Female,24,8,3.2,3,6.5,69,7.0,3,2,4,6,5,Low
S437,Male,22,4,7.2,9,7.2,89,6.9,3,1,2,8,8,Medium
S438,Female,18,8,6.6,8,8.6,85,8.1,0,3,1,2,7,Low
S439,Female,18,1,5.0,2,4.5,84,4.9,4,4,4,8,6,Medium
S440,Female,24,1,4.4,4,5.6,94,6.6,2,4,10,10,8,High
S441,Female,23,8,5.1,2,7.3,71,6.9,5,1,1,6,6,Low
S442,Female,22,6,6.0,2,6.6,67,3.0,1,3,3,7,2,Low
S443,Female,22,4,3.1,4,6.3,72,4.6,3,1,8,4,6,Medium
S444,Male,24,7,6.2,1,8.8,72,9.4,3,3,10,9,3,High
S445,Female,18,1,4.6,9,8.7,92,7.3,4,3,9,3,10,Medium
S446,Male,23,3,4.3,2,5.6,89,6.4,5,4,10,6,9,Medium
S447,Female,21,4,4.2,5,6.8,90,7.3,2,2,8,3,3,Medium
S448,Female,22,5,5.0,9,7.2,85,9.4,5,5,9,4,4,High
S449,Male,22,5,6.9,6,4.3,73,2.0,5,5,3,9,9,Medium
S450,Female,23,2,6.9,6,4.4,100,6.6,3,4,10,7,9,High
S451,Female,24,7,2.7,1,3.8,98,8.1,0,0,7,3,1,Medium
S452,Male,19,5,6.5,3,5.6,83,2.0,5,2,3,1,5,Low
S453,Male,24,1,3.9,6,7.1,93,4.0,0,4,9,4,9,Low
S454,Female,19,5,5.4,1,6.5,89,8.2,3,3,6,9,1,Medium
S455,Male,23,5,5.2,4,5.0,93,9.4,1,5,6,10,9,Medium
S456,Male,24,4,4.7,5,6.5,93,5.1,1,5,2,3,3,Low
S457,Male,21,1,4.1,7,5.2,82,6.7,4,2,3,3,10,Low
S458,Female,18,6,8.4,8,4.4,74,3.8,0,1,6,10,1,High
S459,Female,21,6,7.9,2,6.2,85,5.7,4,1,3,9,2,Medium
S460,Male,21,7,7.1,2,5.6,87,10.7,1,1,6,6,6,Medium
S461,Female,19,8,6.4,9,5.8,65,11.3,0,5,6,8,4,High
S462,Male,18,6,3.8,7,7.6,72,7.6,3,2,9,5,1,High
S463,Female,22,8,7.6,8,8.8,67,7.1,2,5,4,6,9,Medium
S464,Male,18,3,3.5,9,7.2,99,5.6,0,5,2,4,4,Low
S465,Female,24,2,9.0,4,6.7,99,6.3,5,5,7,2,3,Medium
S466,Male,21,6,5.4,1,4.5,70,5.1,0,0,3,5,9,Low
S467,Male,22,4,7.4,5,5.5,91,4.9,3,3,7,7,6,High
S468,Male,21,2,6.1,9,8.3,65,8.4,5,5,10,2,10,Medium
S469,Male,23,2,7.0,6,5.4,97,4.2,0,2,5,10,2,High
S470,Female,24,8,8.0,7,6.0,90,6.5,5,0,8,3,9,Medium
S471,Male,19,7,7.7,9,7.3,83,7.9,5,1,5,6,1,High
S472,Male,18,1,9.3,1,5.5,90,8.9,4,4,2,5,4,Medium
S473,Female,19,7,5.1,9,6.9,74,10.1,1,1,4,10,5,High
S474,Male,18,3,6.0,10,7.3,68,9.1,4,3,9,2,5,High
S475,Male,20,2,4.3,4,5.2,96,4.9,2,2,3,4,2,Medium
S476,Female,22,2,1.1,4,9.0,85,4.8,3,3,6,10,5,Medium
S477,Male,22,6,4.6,6,6.1,92,7.6,1,0,6,4,4,Medium
S478,Female,20,6,6.6,3,7.8,86,5.8,3,3,8,6,5,Medium
S479,Female,22,2,4.7,3,6.9,70,6.5,2,1,9,4,5,Medium
S480,Male,23,2,8.2,1,7.2,97,8.5,5,0,10,10,7,High
S481,Male,18,5,6.3,9,8.3,99,7.4,3,5,3,6,7,Medium
S482,Male,24,5,2.4,3,7.1,94,5.7,4,4,2,7,6,Low
S483,Male,23,4,3.9,10,7.4,75,9.5,4,1,8,3,3,High
S484,Male,23,8,5.0,6,7.0,67,10.4,1,3,4,2,5,Low
S485,Female,19,1,5.5,4,9.0,98,8.1,2,3,8,8,1,High
S486,Male,23,6,1.5,2,7.6,98,7.8,5,2,5,10,9,Low
S487,Male,21,7,7.6,6,7.5,69,6.7,4,2,7,4,9,Medium
S488,Female,20,6,2.6,8,6.2,95,5.3,4,0,9,3,8,Medium
S489,Male,19,2,3.8,9,7.4,82,10.3,1,1,3,3,6,Medium
S490,Male,23,4,5.8,7,4.7,86,7.9,5,0,8,8,8,High
S491,Male,22,3,7.4,7,5.6,66,6.7,1,0,3,10,10,Medium
S492,Male,19,1,5.0,10,5.3,74,8.3,0,1,5,3,9,Medium
S493,Female,22,1,4.8,5,7.1,70,5.2,1,3,10,8,8,Medium
S494,Male,19,7,4.1,10,7.6,74,6.3,4,1,10,9,5,High
S495,Male,23,6,8.5,8,5.9,69,7.4,1,3,7,3,2,High
S496,Male,19,7,6.9,3,4.4,71,3.5,1,3,10,10,1,High
S497,Male,18,8,1.9,3,8.4,99,5.9,0,5,7,9,7,Low
S498,Female,24,1,10.1,9,5.7,92,7.4,1,3,7,6,10,High
S499,Male,21,3,8.1,5,9.0,95,11.1,1,0,5,10,9,Medium
S500,Female,20,4,7.4,1,8.0,65,8.2,4,4,2,9,1,Medium
S501,Female,23,4,6.6,6,5.7,91,5.4,2,0,3,7,10,Medium
S502,Female,20,7,5.0,10,6.2,88,6.1,4,2,7,4,7,High
S503,Female,19,6,6.4,9,7.9,100,7.2,3,2,5,10,6,High
S504,Female,23,3,8.0,2,4.8,79,6.6,3,5,3,2,4,Low
S505,Female,24,6,3.6,9,3.7,68,6.8,1,3,1,2,3,Medium
S506,Female,22,7,4.8,2,8.8,69,8.3,2,1,6,2,10,Low
S507,Male,23,7,3.0,7,9.0,98,9.4,2,5,10,1,3,Medium
S508,Female,21,1,6.2,4,6.2,98,5.1,2,1,1,10,9,Low
S509,Male,22,3,4.3,1,8.1,88,10.8,1,5,1,3,2,Low
S510,Female,24,7,8.1,6,5.8,90,4.8,3,4,4,9,1,High
S511,Male,18,5,5.3,9,3.8,87,7.6,2,2,4,10,4,High
S512,Female,21,1,4.7,5,5.8,76,3.8,3,4,2,9,2,Medium
S513,Female,20,2,6.0,9,5.7,81,4.7,4,4,5,8,7,High
S514,Female,24,4,1.0,6,6.5,94,10.5,5,3,10,1,8,Medium
S515,Male,20,2,8.3,7,5.8,79,5.8,5,5,4,6,7,Medium
S516,Female,22,1,5.9,5,5.0,80,7.6,2,0,7,6,2,High
S517,Male,21,6,6.5,6,8.3,78,6.8,4,2,3,4,8,Low
S518,Male,19,4,4.6,5,5.2,78,5.3,1,1,4,10,6,Medium
S519,Male,24,2,4.5,2,7.1,70,8.8,5,5,8,10,1,High
S520,Male,24,8,3.4,6,8.7,85,6.5,3,4,5,8,3,Medium
S521,Female,21,4,5.0,10,5.4,73,2.2,0,4,7,8,9,Medium
S522,Male,22,6,6.8,7,7.6,76,6.4,3,0,9,8,6,High
S523,Male,18,4,5.1,7,7.3,71,3.9,2,2,10,5,3,High
S524,Female,19,5,3.9,8,7.7,86,4.5,2,1,8,7,4,High
S525,Female,23,6,5.6,6,4.5,90,7.9,2,3,3,10,3,High
S526,Male,24,2,4.9,5,4.1,80,9.3,4,3,7,4,3,High
S527,Male,21,1,3.5,3,5.3,91,7.4,3,1,9,9,6,High
S528,Female,20,5,7.3,9,5.0,68,7.1,3,0,3,1,4,Medium
S529,Female,21,2,5.9,8,7.5,86,7.4,2,2,6,9,9,Medium
S530,Female,20,1,4.3,7,5.3,72,7.2,2,5,10,4,10,Medium
S531,Male,24,5,2.9,6,3.0,85,7.9,5,4,8,8,2,High
S532,Female,22,5,6.8,8,3.0,74,5.0,1,5,6,7,10,Medium
S533,Female,24,2,6.2,2,9.0,75,7.0,2,1,6,6,5,Low
S534,Female,22,7,3.5,5,6.2,93,9.7,2,5,10,9,8,High
S535,Female,19,3,3.7,1,5.3,73,6.0,5,1,5,2,4,Low
S536,Male,21,2,3.1,2,6.7,69,10.2,3,4,1,1,7,Low
S537,Male,18,5,5.6,10,6.1,74,6.4,0,5,7,5,4,High
S538,Male,23,5,1.9,8,7.8,73,6.8,1,4,3,1,1,Low
S539,Female,24,6,4.6,8,9.0,94,7.6,4,2,9,8,3,High
S540,Male,22,8,3.5,10,5.9,92,9.3,4,5,9,5,6,High
S541,Female,22,4,5.2,2,4.3,93,8.8,2,2,7,5,3,Medium
S542,Female,18,1,3.7,9,9.0,73,9.2,2,2,8,9,1,High
S543,Female,24,8,4.1,5,8.4,65,7.1,3,2,10,4,1,High
S544,Female,19,7,6.7,9,7.2,92,5.3,3,1,3,7,7,Medium
S545,Male,20,2,3.7,7,8.0,80,6.3,4,4,5,5,9,Low
S546,Female,21,4,4.2,2,5.1,76,7.8,1,2,2,8,10,Low
S547,Female,20,8,9.1,4,4.9,85,7.0,0,1,1,9,1,Medium
S548,Male,18,5,7.8,5,6.4,73,7.9,5,3,1,4,2,Medium
S549,Male,18,8,2.9,4,7.1,86,6.6,3,2,8,6,8,Medium
S550,Male,20,2,7.0,3,8.3,68,12.2,2,3,2,9,8,Low
S551,Male,19,5,6.2,7,7.0,65,7.4,0,5,4,7,8,Medium
S552,Male,23,1,4.3,4,7.0,94,6.4,5,0,9,4,8,Medium
S553,Female,23,5,5.3,6,8.5,75,5.0,5,5,1,9,9,Low
S554,Male,20,8,7.3,5,8.5,77,6.8,2,0,4,2,4,Low
S555,Female,20,1,1.0,3,5.6,82,9.6,4,0,7,4,1,Medium
S556,Male,22,8,5.0,10,5.0,74,6.0,2,0,4,3,8,Medium
S557,Male,23,6,6.7,1,7.3,68,6.5,2,5,3,9,2,Medium
S558,Male,21,4,4.3,6,5.9,100,5.2,5,2,8,4,1,High
S559,Female,20,3,8.2,5,6.0,67,9.4,3,5,8,9,5,High
S560,Female,19,3,8.0,9,8.0,87,6.1,2,5,8,5,10,Medium
S561,Male,18,3,5.8,8,6.5,83,5.2,2,4,6,8,1,High
S562,Female,23,3,5.6,1,4.7,88,9.4,4,1,6,2,9,Low
S563,Female,19,8,4.1,9,6.8,74,7.6,4,2,6,7,6,High
S564,Male,18,2,4.5,1,7.4,73,6.1,1,0,4,2,8,Low
S565,Male,18,1,6.7,10,4.5,89,7.3,5,3,9,10,10,High
S566,Female,18,6,8.9,4,5.0,69,5.6,0,1,8,2,8,Medium
S567,Male,20,7,6.0,6,6.8,68,7.7,4,2,9,1,2,High
S568,Female,18,4,6.0,9,7.5,71,9.2,0,5,4,9,7,Medium
S569,Male,19,4,5.8,10,6.1,76,8.3,4,5,9,7,2,High
S570,Female,23,8,8.8,7,6.3,71,5.1,1,1,9,7,9,High
S571,Female,23,3,7.2,9,6.3,93,2.7,2,2,9,6,6,High
S572,Female,24,7,6.7,6,5.7,80,6.8,4,4,4,7,9,Medium
S573,Female,20,8,5.7,8,6.8,90,8.4,0,5,1,5,10,Low
S574,Male,22,3,4.1,5,7.3,65,6.5,2,1,4,6,1,Medium
S575,Female,22,3,6.5,2,7.4,67,5.1,3,2,3,3,5,Low
S576,Female,22,4,7.2,4,5.7,81,8.6,2,0,10,7,10,High
S577,Male,23,2,5.7,6,9.0,95,6.6,1,3,10,2,10,Low
S578,Female,18,7,4.3,2,6.5,68,6.4,2,2,7,7,2,Medium
S579,Male,23,1,6.6,7,4.1,68,4.9,2,4,1,6,9,Low
S580,Male,20,4,2.9,3,7.9,68,10.4,5,5,7,8,10,Low
S581,Male,19,7,4.8,5,6.2,90,7.1,1,1,6,2,8,Low
S582,Male,22,7,7.3,5,5.1,70,7.5,3,4,7,3,3,Medium
S583,Female,22,4,7.0,8,7.3,90,7.4,5,4,4,9,10,Medium
S584,Male,19,2,7.0,5,3.0,92,8.4,2,5,10,2,2,High
S585,Female,21,6,3.7,6,3.8,77,8.0,2,2,10,1,5,High
S586,Male,20,8,7.7,10,6.3,74,8.9,3,0,4,4,6,High
S587,Male,24,2,8.2,2,8.5,68,10.3,1,4,3,5,1,Medium
S588,Female,23,2,6.5,5,6.6,93,3.8,3,0,6,4,9,Low
S589,Male,19,5,4.5,9,5.2,95,11.3,4,5,3,1,7,Medium
S590,Male,20,3,4.6,1,6.7,83,8.1,1,5,10,5,1,Medium
S591,Female,23,1,5.1,2,9.0,89,5.8,5,2,6,2,1,Low
S592,Female,24,7,5.4,4,5.4,89,4.4,4,5,2,6,8,Low
S593,Male,19,4,3.8,9,6.4,94,6.1,4,5,1,1,4,Low
S594,Female,20,8,3.6,7,4.4,75,6.8,0,2,6,6,5,Medium
S595,Male,22,5,2.0,1,7.6,81,7.2,3,0,9,5,4,Medium
S596,Male,20,7,2.1,3,6.0,70,5.5,5,3,9,10,4,High
S597,Female,19,3,5.6,7,8.5,84,3.2,4,2,8,9,3,High
S598,Male,23,3,5.2,10,6.3,99,8.3,5,1,3,5,9,Medium
S599,Male,21,3,5.4,10,5.4,75,6.4,2,0,9,9,2,High
S600,Male,20,3,3.4,1,8.1,85,7.0,3,3,5,8,5,Low
S601,Male,24,4,8.8,2,6.4,73,5.6,1,0,10,10,5,High
S602,Male,22,4,2.0,4,3.8,66,3.8,2,0,8,3,9,Medium
S603,Female,23,6,5.5,3,7.3,89,3.8,3,3,3,3,4,Low
S604,Male,18,7,6.8,1,5.8,82,7.3,3,1,4,4,2,Medium
S605,Male,21,8,8.2,6,7.8,94,6.5,1,3,7,1,10,Low
S606,Female,23,6,3.2,7,3.3,99,5.6,4,5,1,9,2,High
S607,Female,21,1,4.6,4,5.0,98,6.7,4,3,1,9,7,Medium
S608,Male,19,5,5.2,8,6.2,90,5.7,2,2,8,3,7,Medium
S609,Female,22,1,5.3,9,7.2,74,4.8,3,5,8,2,9,Medium
S610,Male,19,3,7.8,7,6.4,91,7.0,2,3,1,3,8,Low
S611,Male,21,2,6.4,5,6.8,85,8.9,5,5,3,2,2,Medium
S612,Male,23,8,5.6,6,5.6,70,7.7,4,5,7,9,10,Medium
S613,Male,21,7,2.7,1,6.7,75,6.9,2,4,3,3,3,Low
S614,Male,24,1,4.6,7,6.3,84,3.2,2,5,8,5,3,Medium
S615,Male,19,4,3.9,1,6.6,81,7.3,0,3,8,8,9,Low
S616,Male,22,8,2.9,4,8.4,78,5.3,4,5,8,8,7,Medium
S617,Female,18,1,6.9,4,7.1,100,5.7,2,4,9,4,1,High
S618,Male,19,1,8.6,6,4.7,67,8.8,1,0,10,10,5,High
S619,Female,18,1,7.0,2,5.5,91,9.8,1,1,5,10,10,Medium
S620,Male,21,6,4.5,1,6.9,70,7.5,2,2,6,7,2,Medium
S621,Female,24,2,4.7,5,7.7,95,8.6,1,0,5,6,9,Low
S622,Female,22,4,1.5,4,8.5,68,3.7,0,4,9,2,8,Low
S623,Female,21,6,7.1,5,8.2,98,4.8,4,4,6,3,10,Low
S624,Female,22,8,4.2,8,4.8,76,6.6,4,1,5,4,1,High
S625,Male,18,8,4.4,2,7.7,78,9.6,4,3,7,1,6,Low
S626,Female,22,4,7.8,1,5.7,77,6.6,5,2,5,2,5,Low
S627,Female,22,6,1.6,1,5.3,72,8.9,5,2,6,7,10,Low
S628,Male,24,3,8.2,4,4.6,86,5.8,2,5,8,8,1,High
S629,Male,21,3,4.9,8,6.9,99,5.4,2,3,7,1,9,Low
S630,Female,22,6,5.8,9,5.8,99,7.0,0,1,10,6,6,High
S631,Male,19,5,6.1,1,6.5,86,6.1,3,5,9,3,10,Low
S632,Female,19,2,4.8,5,6.4,85,6.3,5,0,5,7,2,High
S633,Female,19,6,4.5,8,8.9,84,8.1,1,4,5,3,2,Medium
S634,Female,24,1,4.4,4,7.5,70,6.3,3,4,1,8,9,Low
S635,Male,19,6,7.3,8,7.1,98,6.8,2,2,3,2,9,Low
S636,Male,19,1,5.9,8,4.1,89,4.7,5,4,2,1,5,Medium
S637,Male,23,2,2.6,6,6.7,94,10.5,0,0,9,5,1,High
S638,Female,23,4,9.5,6,7.5,77,8.0,1,2,5,9,6,High
S639,Female,23,2,1.4,5,5.7,74,5.4,1,2,2,1,10,Low
S640,Male,19,6,3.8,9,6.2,85,6.1,2,1,5,10,4,High
S641,Male,18,5,1.0,10,7.6,86,4.9,4,3,1,3,1,Medium
S642,Female,23,1,5.5,2,9.0,89,5.2,0,0,7,7,3,Medium
S643,Female,22,6,1.0,5,6.1,86,9.2,1,5,9,2,8,Low
S644,Male,18,8,8.9,2,4.7,94,8.0,2,5,8,8,4,High
S645,Male,19,5,4.1,6,6.3,90,12.3,1,5,6,6,8,Medium
S646,Female,18,2,2.0,8,6.9,72,7.9,2,3,8,3,5,Medium
S647,Female,22,3,7.2,9,6.6,71,7.6,3,5,2,6,9,Medium
S648,Male,24,5,4.2,9,6.9,94,6.3,3,4,7,4,10,Medium
S649,Male,22,3,6.2,8,5.9,89,7.8,0,2,4,10,7,High
S650,Female,22,6,4.9,9,8.2,80,6.9,1,5,2,10,8,Medium
S651,Male,22,8,1.5,6,8.4,100,5.2,0,3,3,5,7,Low
S652,Male,22,2,3.7,10,5.6,89,9.7,2,3,1,2,4,Medium
S653,Male,22,1,1.0,3,9.0,74,9.1,3,4,5,7,10,Low
S654,Female,19,4,5.4,6,6.4,84,7.6,4,5,5,7,6,Medium
S655,Male,22,1,6.0,10,7.5,97,8.1,3,1,5,1,6,Medium
S656,Male,18,6,5.2,2,6.2,83,6.7,0,1,7,10,7,Medium
S657,Female,23,7,4.6,7,8.2,89,8.2,3,4,4,3,8,Low
S658,Male,19,7,1.0,6,7.5,91,7.4,1,2,3,3,1,Low
S659,Male,23,1,5.0,3,5.9,96,9.2,5,3,3,2,3,Low
S660,Female,24,8,6.9,10,5.3,92,7.8,4,1,8,9,7,High
S661,Female,21,6,3.1,4,4.4,76,5.7,3,4,1,10,8,Low
S662,Male,23,5,6.7,7,7.9,99,8.0,4,2,1,1,10,Low
S663,Female,23,6,6.5,2,7.3,95,5.7,5,0,3,9,5,Medium
S664,Female,22,2,5.9,9,7.7,70,8.5,1,3,2,9,10,Medium
S665,Female,22,1,7.4,6,7.6,99,7.7,0,3,8,9,8,Medium
S666,Female,21,6,7.1,5,6.5,83,5.2,1,0,10,5,10,Medium
S667,Female,18,8,4.7,10,5.4,75,5.6,4,0,5,10,1,High
S668,Female,21,2,4.7,3,5.3,97,6.4,0,2,5,3,10,Low
S669,Female,20,5,1.2,1,6.8,72,7.0,4,1,10,3,8,Low
S670,Female,24,3,3.4,5,7.5,80,8.9,3,1,9,1,6,Medium
S671,Male,19,3,1.8,8,5.4,91,5.5,3,1,8,3,4,Medium
S672,Female,18,5,3.1,2,7.7,68,6.6,1,3,7,8,5,Medium
S673,Female,23,4,4.5,7,3.5,89,8.3,3,2,3,9,7,High
S674,Male,20,8,2.5,7,6.6,85,7.6,4,5,1,2,9,Low
S675,Female,24,7,7.7,10,4.5,82,2.0,2,2,5,2,5,Medium
S676,Female,21,4,5.4,10,9.0,77,9.5,4,2,3,6,9,Medium
S677,Male,23,1,5.4,2,5.8,65,8.6,3,0,9,2,8,Medium
S678,Female,19,5,3.1,5,7.2,77,8.0,0,0,10,2,1,Medium
S679,Male,22,2,7.1,2,9.0,70,7.8,4,1,7,10,3,High
S680,Male,23,3,4.0,5,6.5,83,3.5,3,5,2,8,5,Low
S681,Female,23,6,3.6,5,5.9,75,6.0,0,2,1,7,7,Low
S682,Female,18,5,5.3,5,5.3,76,9.2,3,0,8,4,10,Medium
S683,Female,19,8,5.0,2,6.5,74,6.3,4,3,4,10,2,Medium
S684,Female,23,5,5.3,2,7.7,67,5.3,0,0,10,5,8,Medium
S685,Male,21,3,3.7,1,6.0,67,4.3,5,3,5,3,6,Low
S686,Female,22,1,3.4,9,5.8,96,8.7,3,3,7,2,9,Medium
S687,Male,18,7,5.5,8,6.8,72,8.7,4,4,6,6,5,High
S688,Female,18,2,4.7,6,7.1,99,6.8,2,0,8,5,4,Medium
S689,Male,22,1,5.5,7,5.6,77,2.1,2,5,7,2,6,Medium
S690,Female,18,8,4.7,4,8.6,73,8.9,0,1,1,10,4,Low
S691,Female,21,2,6.9,9,8.4,84,7.2,3,4,8,1,1,High
S692,Female,18,6,5.4,1,5.6,90,6.4,0,1,9,8,9,Medium
S693,Male,23,4,6.2,2,8.3,67,6.7,5,1,8,1,8,Low
S694,Male,19,3,4.1,1,6.5,76,8.2,5,0,5,2,8,Low
S695,Male,24,2,2.1,2,3.1,72,5.9,3,4,10,4,2,High
S696,Male,21,6,2.6,7,5.7,85,6.7,0,5,10,9,3,High
S697,Female,24,4,4.1,1,8.7,76,7.7,2,0,2,5,3,Low
S698,Female,19,6,5.6,9,7.4,75,4.7,3,1,10,1,3,High
S699,Male,24,7,7.1,3,6.4,66,8.3,3,0,1,1,3,Low
S700,Male,23,5,2.9,7,4.2,95,8.6,5,1,4,3,5,Medium
S701,Female,21,4,5.8,3,5.1,67,5.3,4,1,8,10,2,High
S702,Female,20,7,7.3,1,4.7,100,10.3,1,1,2,9,2,Medium
S703,Female,24,4,3.2,8,7.5,78,6.3,2,0,4,2,3,Medium
S704,Female,21,3,6.2,3,5.7,67,6.7,0,5,6,5,4,Medium
S705,Female,20,6,5.1,10,5.0,94,8.5,0,0,1,9,3,High
S706,Male,24,1,4.0,8,6.2,97,5.0,0,0,4,8,10,Medium
S707,Female,21,4,1.0,6,6.2,79,11.8,0,2,4,2,4,Low
S708,Female,24,4,6.6,7,6.5,79,6.5,0,3,10,8,1,High
S709,Female,19,4,5.0,10,7.3,94,4.6,1,3,6,3,8,Medium
S710,Male,23,6,7.2,5,7.6,77,8.4,2,1,1,10,1,Medium
S711,Female,19,2,5.9,8,6.5,94,8.3,3,1,6,4,5,High
S712,Male,24,3,6.2,10,6.0,100,5.9,1,0,7,9,8,High
S713,Male,22,8,5.2,8,8.8,82,4.5,0,5,7,4,4,Medium
S714,Female,21,4,2.1,10,6.7,74,7.1,4,0,7,1,1,High
S715,Female,23,1,5.3,7,6.9,98,6.6,3,3,2,8,8,Medium
S716,Male,18,1,8.0,7,4.1,78,5.3,1,2,5,4,2,High
S717,Male,21,5,4.8,3,4.0,94,6.6,4,5,10,1,8,Medium
S718,Female,24,3,8.3,7,6.5,76,7.5,2,5,8,1,2,High
S719,Female,23,6,2.5,9,5.6,67,6.2,2,3,5,10,9,Medium
S720,Male,24,2,4.4,10,8.4,86,8.1,5,0,9,6,1,High
S721,Male,21,6,2.8,8,6.9,67,8.0,2,2,3,9,2,High
S722,Male,19,6,7.3,4,8.9,99,5.0,0,5,8,10,4,Medium
S723,Male,20,6,3.4,5,4.6,97,6.5,5,3,5,1,2,Medium
S724,Female,20,8,5.9,8,8.0,97,6.8,4,0,8,9,9,High
S725,Female,21,6,4.4,2,6.7,77,5.3,3,0,2,7,3,Low
S726,Female,18,2,9.2,3,4.1,82,7.4,0,5,3,8,3,Medium
S727,Male,22,1,9.0,5,6.5,91,6.6,5,4,3,8,6,Medium
S728,Female,21,1,4.3,5,6.2,77,9.7,0,0,4,9,6,Medium
S729,Female,22,6,1.0,6,8.8,96,4.2,4,5,9,9,8,Medium
S730,Female,20,3,4.5,5,5.9,75,8.2,2,1,8,6,5,High
S731,Male,19,6,1.8,5,7.2,94,11.0,1,4,3,9,5,Medium
S732,Male,19,3,2.3,3,6.8,80,5.7,0,0,6,10,3,Medium
S733,Female,20,6,5.9,3,6.5,78,5.7,4,5,1,6,6,Low
S734,Male,20,8,6.0,9,9.0,75,6.6,4,2,2,1,7,Low
S735,Female,24,3,6.4,8,4.6,85,5.1,1,0,9,9,6,High
S736,Female,21,5,5.9,10,8.7,74,7.7,4,5,8,6,2,High
S737,Female,18,3,4.4,9,6.5,72,4.5,2,0,7,10,4,High
S738,Female,20,2,6.2,6,7.8,68,6.1,4,5,4,10,9,Medium
S739,Male,24,5,4.1,4,6.9,66,6.1,0,4,8,2,9,Low
S740,Female,19,8,4.9,6,9.0,97,6.5,0,5,6,7,3,Medium
S741,Female,20,7,4.3,6,5.5,65,8.5,2,2,6,5,8,Medium
S742,Male,19,8,4.6,7,5.5,93,9.6,2,1,7,7,3,High
S743,Male,19,4,7.8,5,5.6,95,3.3,4,2,2,10,7,Medium
S744,Male,18,7,7.0,5,5.5,91,8.6,1,4,8,10,3,High
S745,Male,19,7,1.1,5,7.8,100,4.6,3,0,5,10,5,Medium
S746,Female,22,8,6.5,4,6.5,66,5.1,0,1,5,5,8,Low
S747,Male,23,5,4.2,7,7.5,76,7.2,3,5,4,1,2,Medium
S748,Female,21,2,6.2,10,9.0,88,3.9,4,3,10,7,5,High
S749,Female,23,2,8.2,6,6.7,97,5.2,5,4,1,5,3,Medium
S750,Male,19,6,2.3,8,6.2,73,8.8,2,1,1,5,6,Low
S751,Female,23,6,4.7,1,8.8,83,4.1,2,4,2,9,4,Low
S752,Male,24,2,5.0,10,4.6,75,7.7,4,2,6,5,5,High
S753,Female,18,6,6.8,3,5.9,65,2.0,1,4,5,6,8,Low
S754,Female,20,3,5.4,2,7.2,78,7.8,1,4,4,4,9,Low
S755,Male,21,8,7.5,2,4.9,72,8.4,1,0,8,6,5,Medium
S756,Female,19,8,7.4,10,3.8,98,7.6,2,1,5,1,2,High
S757,Male,19,3,4.0,4,6.4,84,7.7,1,1,3,2,7,Low
S758,Male,18,1,4.0,8,5.5,92,7.1,0,1,2,1,9,Low
S759,Male,21,2,2.8,5,4.9,67,8.4,0,2,1,2,2,Low
S760,Male,22,4,2.7,3,7.5,87,7.9,0,0,3,5,10,Low
S761,Female,20,3,1.5,9,5.5,80,9.4,4,4,2,2,10,Low
S762,Male,22,4,3.0,4,5.8,83,7.9,1,4,1,2,4,Low
S763,Female,20,3,6.6,8,6.1,71,5.8,1,2,7,7,4,High
S764,Male,21,2,7.8,6,9.0,72,9.0,3,0,9,3,8,Medium
S765,Female,23,5,5.2,9,5.3,67,5.3,0,2,8,2,7,Medium
S766,Female,21,5,6.0,8,7.1,79,9.8,4,3,5,7,4,High
S767,Male,24,8,6.3,6,4.2,76,9.1,0,5,8,2,7,Medium
S768,Female,22,2,3.0,2,5.9,74,7.5,3,3,10,2,3,Medium
S769,Male,20,4,9.0,6,9.0,77,8.2,4,3,2,4,7,Low
S770,Female,20,5,4.6,7,7.3,87,8.8,3,5,10,7,8,High
S771,Female,19,8,4.4,2,9.0,72,7.5,2,3,8,4,3,Medium
S772,Male,18,1,6.0,2,7.5,96,7.8,5,0,3,7,10,Low
S773,Female,19,5,6.7,10,5.6,71,5.9,0,5,9,8,8,High
S774,Male,20,8,2.8,8,7.2,97,8.6,2,4,6,9,9,Medium
S775,Male,24,1,5.9,7,9.0,72,7.0,3,3,6,7,8,Medium
S776,Female,18,1,6.3,3,4.9,100,6.2,5,2,3,8,7,Medium
S777,Male,20,7,6.4,8,7.8,72,6.4,4,5,8,9,9,High
S778,Female,21,3,4.9,9,4.2,68,6.3,3,2,8,10,7,High
S779,Female,24,5,6.8,6,7.4,68,8.0,0,4,1,3,6,Low
S780,Female,24,1,5.1,6,6.5,89,5.7,0,3,6,6,7,Medium
S781,Female,18,4,6.4,4,7.1,80,8.0,5,2,10,2,2,High
S782,Female,18,6,3.9,3,3.3,66,9.2,4,2,1,8,7,Medium
S783,Female,20,1,4.0,8,5.2,66,8.4,2,3,10,7,6,High
S784,Male,24,8,4.2,2,8.1,78,8.2,2,3,9,6,3,Medium
S785,Female,20,7,6.4,4,4.5,96,9.4,5,0,9,4,5,High
S786,Female,18,5,5.5,10,5.9,90,7.3,1,4,2,10,2,High
S787,Female,20,2,1.4,10,7.1,98,4.9,3,3,4,6,2,Medium
S788,Female,22,5,2.3,7,4.2,99,9.2,2,1,7,7,5,High
S789,Female,23,3,3.7,1,8.8,98,5.9,1,4,8,4,8,Low
S790,Female,23,7,1.6,10,4.8,68,9.5,4,1,6,8,3,High
S791,Male,19,5,4.7,7,5.7,91,7.3,2,0,4,7,5,Medium
S792,Female,23,3,6.0,5,8.2,80,9.9,3,1,2,3,4,Low
S793,Male,19,5,4.3,8,4.5,96,6.2,4,3,7,1,4,Medium
S794,Male,20,3,5.5,1,5.1,81,5.1,2,5,9,3,1,Medium
S795,Female,24,1,5.7,1,6.4,70,7.1,2,4,5,2,7,Low
S796,Female,23,2,3.5,7,6.2,73,5.2,1,0,10,9,2,High
S797,Female,21,2,6.8,4,8.1,72,3.3,2,2,10,7,4,Medium
S798,Female,19,3,3.1,2,4.3,76,5.7,1,2,8,7,5,Medium
S799,Male,21,6,4.8,2,4.3,85,5.2,4,3,8,4,5,Medium
S800,Male,20,8,3.0,6,6.8,84,7.1,0,5,10,1,1,Medium
